{
  "run_id": 1,
  "context_name": "Default without scoreMargin",
  "input": {
    "model": {
      "name": "RandomForest",
      "parameters": {}
    },
    "features": {
      "encoding": {
        "one_hot": [
          "MAIN_ACTION_TYPE",
          "PLAYER_ID",
          "SHOT_TYPE",
          "ANGLE_SECTOR"
        ],
        "target_enc": [],
        "passthrough": [
          "SHOT_DISTANCE",
          "IS_HOME",
          "is_playoffs"
        ]
      }
    }
  },
  "result": {
    "metrics": {
      "accuracy": 0.658475882691629,
      "macro_avg": {
        "precision": 0.6542308517066207,
        "recall": 0.656342065649625,
        "f1-score": 0.6546115992839259,
        "support": 107682.0
      },
      "weighted_avg": {
        "precision": 0.6621160020861998,
        "recall": 0.658475882691629,
        "f1-score": 0.6596355069837739,
        "support": 107682.0
      }
    },
    "classification_report": {
      "0.0": {
        "precision": 0.5968909838531742,
        "recall": 0.640825204039882,
        "f1-score": 0.6180783450338554,
        "support": 46437.0
      },
      "1.0": {
        "precision": 0.7115707195600671,
        "recall": 0.6718589272593681,
        "f1-score": 0.6911448535339962,
        "support": 61245.0
      },
      "accuracy": 0.658475882691629,
      "macro avg": {
        "precision": 0.6542308517066207,
        "recall": 0.656342065649625,
        "f1-score": 0.6546115992839259,
        "support": 107682.0
      },
      "weighted avg": {
        "precision": 0.6621160020861998,
        "recall": 0.658475882691629,
        "f1-score": 0.6596355069837739,
        "support": 107682.0
      }
    },
    "confusion_matrix": [
      [
        29758,
        16679
      ],
      [
        20097,
        41148
      ]
    ]
  },
  "timestamp": "2026-04-30T14:25:20.721811"
}