{
  "run_id": 3,
  "context_name": "Using Time Left passedthrough",
  "input": {
    "model": {
      "name": "LightGBM",
      "parameters": {}
    },
    "features": {
      "encoding": {
        "one_hot": [
          "MAIN_ACTION_TYPE",
          "PLAYER_ID",
          "SHOT_TYPE",
          "ANGLE_SECTOR"
        ],
        "target_enc": [],
        "passthrough": [
          "SHOT_DISTANCE",
          "IS_HOME",
          "is_playoffs",
          "TimeRemainingInGame"
        ]
      }
    }
  },
  "result": {
    "metrics": {
      "accuracy": 0.6653108226073067,
      "macro_avg": {
        "precision": 0.6632333129960559,
        "recall": 0.6662010657034798,
        "f1-score": 0.6628670307782636,
        "support": 107682.0
      },
      "weighted_avg": {
        "precision": 0.6719532002759316,
        "recall": 0.6653108226073067,
        "f1-score": 0.6668142023974248,
        "support": 107682.0
      }
    },
    "classification_report": {
      "0.0": {
        "precision": 0.5998233385179638,
        "recall": 0.6726748067273941,
        "f1-score": 0.6341636721684227,
        "support": 46437.0
      },
      "1.0": {
        "precision": 0.726643287474148,
        "recall": 0.6597273246795656,
        "f1-score": 0.6915703893881044,
        "support": 61245.0
      },
      "accuracy": 0.6653108226073067,
      "macro avg": {
        "precision": 0.6632333129960559,
        "recall": 0.6662010657034798,
        "f1-score": 0.6628670307782636,
        "support": 107682.0
      },
      "weighted avg": {
        "precision": 0.6719532002759316,
        "recall": 0.6653108226073067,
        "f1-score": 0.6668142023974248,
        "support": 107682.0
      }
    },
    "confusion_matrix": [
      [
        31237,
        15200
      ],
      [
        20840,
        40405
      ]
    ]
  },
  "timestamp": "2026-04-30T17:20:31.189725"
}