{
  "run_id": 2,
  "context_name": "Player Enc: Target Enc",
  "input": {
    "model": {
      "name": "LogisticRegression",
      "parameters": {}
    },
    "features": {
      "encoding": {
        "one_hot": [
          "MAIN_ACTION_TYPE",
          "SHOT_TYPE",
          "ANGLE_SECTOR"
        ],
        "target_enc": [
          "PLAYER_ID"
        ],
        "passthrough": [
          "SHOT_DISTANCE",
          "IS_HOME",
          "is_playoffs"
        ]
      }
    }
  },
  "result": {
    "metrics": {
      "accuracy": 0.6627662933452202,
      "macro_avg": {
        "precision": 0.6604145441046578,
        "recall": 0.6632768654970382,
        "f1-score": 0.6601645246360314,
        "support": 107682.0
      },
      "weighted_avg": {
        "precision": 0.6690430631220632,
        "recall": 0.6627662933452202,
        "f1-score": 0.6642535705971508,
        "support": 107682.0
      }
    },
    "classification_report": {
      "0.0": {
        "precision": 0.597668988672983,
        "recall": 0.6669896849495015,
        "f1-score": 0.6304294728271932,
        "support": 46437.0
      },
      "1.0": {
        "precision": 0.7231600995363325,
        "recall": 0.6595640460445751,
        "f1-score": 0.6898995764448695,
        "support": 61245.0
      },
      "accuracy": 0.6627662933452202,
      "macro avg": {
        "precision": 0.6604145441046578,
        "recall": 0.6632768654970382,
        "f1-score": 0.6601645246360314,
        "support": 107682.0
      },
      "weighted avg": {
        "precision": 0.6690430631220632,
        "recall": 0.6627662933452202,
        "f1-score": 0.6642535705971508,
        "support": 107682.0
      }
    },
    "confusion_matrix": [
      [
        30973,
        15464
      ],
      [
        20850,
        40395
      ]
    ]
  },
  "timestamp": "2026-04-30T15:18:26.763026"
}