{
  "run_id": 1,
  "context_name": "Player Enc: One Hot",
  "input": {
    "model": {
      "name": "LightGBM",
      "parameters": {}
    },
    "features": {
      "encoding": {
        "one_hot": [
          "MAIN_ACTION_TYPE",
          "PLAYER_ID",
          "SHOT_TYPE",
          "ANGLE_SECTOR"
        ],
        "target_enc": [],
        "passthrough": [
          "SHOT_DISTANCE",
          "IS_HOME",
          "is_playoffs"
        ]
      }
    }
  },
  "result": {
    "metrics": {
      "accuracy": 0.6668431121264464,
      "macro_avg": {
        "precision": 0.6666038013789319,
        "recall": 0.6698130240222703,
        "f1-score": 0.6651783426088452,
        "support": 107682.0
      },
      "weighted_avg": {
        "precision": 0.6759787049482298,
        "recall": 0.6668431121264464,
        "f1-score": 0.6684250049315948,
        "support": 107682.0
      }
    },
    "classification_report": {
      "0.0": {
        "precision": 0.5984306270036531,
        "recall": 0.691409867131813,
        "f1-score": 0.6415690035868078,
        "support": 46437.0
      },
      "1.0": {
        "precision": 0.7347769757542106,
        "recall": 0.6482161809127276,
        "f1-score": 0.6887876816308827,
        "support": 61245.0
      },
      "accuracy": 0.6668431121264464,
      "macro avg": {
        "precision": 0.6666038013789319,
        "recall": 0.6698130240222703,
        "f1-score": 0.6651783426088452,
        "support": 107682.0
      },
      "weighted avg": {
        "precision": 0.6759787049482298,
        "recall": 0.6668431121264464,
        "f1-score": 0.6684250049315948,
        "support": 107682.0
      }
    },
    "confusion_matrix": [
      [
        32107,
        14330
      ],
      [
        21545,
        39700
      ]
    ]
  },
  "timestamp": "2026-04-30T16:50:50.598141"
}