{
  "run_id": 2,
  "context_name": "Player Enc: Target Enc",
  "input": {
    "model": {
      "name": "LightGBM",
      "parameters": {}
    },
    "features": {
      "encoding": {
        "one_hot": [
          "MAIN_ACTION_TYPE",
          "SHOT_TYPE",
          "ANGLE_SECTOR"
        ],
        "target_enc": [
          "PLAYER_ID"
        ],
        "passthrough": [
          "SHOT_DISTANCE",
          "IS_HOME",
          "is_playoffs"
        ]
      }
    }
  },
  "result": {
    "metrics": {
      "accuracy": 0.6620233650935161,
      "macro_avg": {
        "precision": 0.659103839947832,
        "recall": 0.6618010941440675,
        "f1-score": 0.6590986659214579,
        "support": 107682.0
      },
      "weighted_avg": {
        "precision": 0.6675147987722078,
        "recall": 0.6620233650935161,
        "f1-score": 0.6634408501343954,
        "support": 107682.0
      }
    },
    "classification_report": {
      "0.0": {
        "precision": 0.5979403561467497,
        "recall": 0.6601847664577815,
        "f1-score": 0.6275228231055799,
        "support": 46437.0
      },
      "1.0": {
        "precision": 0.7202673237489142,
        "recall": 0.6634174218303535,
        "f1-score": 0.6906745087373359,
        "support": 61245.0
      },
      "accuracy": 0.6620233650935161,
      "macro avg": {
        "precision": 0.659103839947832,
        "recall": 0.6618010941440675,
        "f1-score": 0.6590986659214579,
        "support": 107682.0
      },
      "weighted avg": {
        "precision": 0.6675147987722078,
        "recall": 0.6620233650935161,
        "f1-score": 0.6634408501343954,
        "support": 107682.0
      }
    },
    "confusion_matrix": [
      [
        30657,
        15780
      ],
      [
        20614,
        40631
      ]
    ]
  },
  "timestamp": "2026-04-30T16:53:58.614696"
}