{
  "run_id": 2,
  "context_name": "Using Time Left std scaled",
  "input": {
    "model": {
      "name": "LightGBM",
      "parameters": {}
    },
    "features": {
      "encoding": {
        "one_hot": [
          "MAIN_ACTION_TYPE",
          "PLAYER_ID",
          "SHOT_TYPE",
          "ANGLE_SECTOR"
        ],
        "target_enc": [],
        "passthrough": [
          "SHOT_DISTANCE",
          "IS_HOME",
          "is_playoffs"
        ]
      }
    }
  },
  "result": {
    "metrics": {
      "accuracy": 0.6648929254657231,
      "macro_avg": {
        "precision": 0.6625241953243335,
        "recall": 0.665419757023902,
        "f1-score": 0.6622970453650527,
        "support": 107682.0
      },
      "weighted_avg": {
        "precision": 0.6711339537763952,
        "recall": 0.6648929254657231,
        "f1-score": 0.6663686259741753,
        "support": 107682.0
      }
    },
    "classification_report": {
      "0.0": {
        "precision": 0.5999150644737858,
        "recall": 0.6692508129293452,
        "f1-score": 0.6326889995012266,
        "support": 46437.0
      },
      "1.0": {
        "precision": 0.725133326174881,
        "recall": 0.6615887011184587,
        "f1-score": 0.691905091228879,
        "support": 61245.0
      },
      "accuracy": 0.6648929254657231,
      "macro avg": {
        "precision": 0.6625241953243335,
        "recall": 0.665419757023902,
        "f1-score": 0.6622970453650527,
        "support": 107682.0
      },
      "weighted avg": {
        "precision": 0.6711339537763952,
        "recall": 0.6648929254657231,
        "f1-score": 0.6663686259741753,
        "support": 107682.0
      }
    },
    "confusion_matrix": [
      [
        31078,
        15359
      ],
      [
        20726,
        40519
      ]
    ]
  },
  "timestamp": "2026-04-30T17:17:15.819839"
}