{
  "run_id": 4,
  "context_name": "Using IsClutchTime",
  "input": {
    "model": {
      "name": "LightGBM",
      "parameters": {}
    },
    "features": {
      "encoding": {
        "one_hot": [
          "MAIN_ACTION_TYPE",
          "PLAYER_ID",
          "SHOT_TYPE",
          "ANGLE_SECTOR"
        ],
        "target_enc": [],
        "passthrough": [
          "SHOT_DISTANCE",
          "IS_HOME",
          "is_playoffs",
          "IsClutchTime"
        ]
      }
    }
  },
  "result": {
    "metrics": {
      "accuracy": 0.665320109210453,
      "macro_avg": {
        "precision": 0.6636216183199808,
        "recall": 0.6666596082069081,
        "f1-score": 0.6630580633799517,
        "support": 107682.0
      },
      "weighted_avg": {
        "precision": 0.672483934425024,
        "recall": 0.665320109210453,
        "f1-score": 0.6668545469635474,
        "support": 107682.0
      }
    },
    "classification_report": {
      "0.0": {
        "precision": 0.5991759185074969,
        "recall": 0.6764002842560889,
        "f1-score": 0.6354504900919491,
        "support": 46437.0
      },
      "1.0": {
        "precision": 0.7280673181324647,
        "recall": 0.6569189321577271,
        "f1-score": 0.6906656366679542,
        "support": 61245.0
      },
      "accuracy": 0.665320109210453,
      "macro avg": {
        "precision": 0.6636216183199808,
        "recall": 0.6666596082069081,
        "f1-score": 0.6630580633799517,
        "support": 107682.0
      },
      "weighted avg": {
        "precision": 0.672483934425024,
        "recall": 0.665320109210453,
        "f1-score": 0.6668545469635474,
        "support": 107682.0
      }
    },
    "confusion_matrix": [
      [
        31410,
        15027
      ],
      [
        21012,
        40233
      ]
    ]
  },
  "timestamp": "2026-04-30T17:22:56.639752"
}